<?xml version="1.0" encoding="UTF-8"?>
<beans xmlns="http://www.springframework.org/schema/beans"
	xmlns:xsi="http://www.w3.org/2001/XMLSchema-instance"
	xmlns:context="http://www.springframework.org/schema/context"
	xmlns:mybatis-spring="http://mybatis.org/schema/mybatis-spring"
	xmlns:task="http://www.springframework.org/schema/task"
	xsi:schemaLocation="http://mybatis.org/schema/mybatis-spring http://mybatis.org/schema/mybatis-spring-1.2.xsd
		http://www.springframework.org/schema/task http://www.springframework.org/schema/task/spring-task-4.3.xsd
		http://www.springframework.org/schema/beans https://www.springframework.org/schema/beans/spring-beans.xsd
		http://www.springframework.org/schema/context http://www.springframework.org/schema/context/spring-context-4.3.xsd">

	<!-- Root Context: defines shared resources visible to all other web components -->
	<bean id="hikariConfig" class="com.zaxxer.hikari.HikariConfig">
		 <property name="driverClassName" value="net.sf.log4jdbc.sql.jdbcapi.DriverSpy"></property> 
		<!--  <property name="driverClassName" value="net.sf.log4jdbc.log.slf4j.Slf4jSpyLogDelegatorCopy"></property>  -->
		<!-- <property name="jdbcUrl" value="jdbc:log4jdbc:oracle:thin:@localhost:1521:xe"></property> -->
		 <property name="jdbcUrl" value="jdbc:log4jdbc:mysql://180.67.202.247:3306/project?serverTimezone=UTC&amp;verifyServerCertificate=false&amp;useSSL=false"></property>
		<property name="username" value="project"></property>
		<property name="password" value="project"></property>
	</bean>

	<bean id="dataSource" class="com.zaxxer.hikari.HikariDataSource" destroy-method="close">
		<constructor-arg ref="hikariConfig"></constructor-arg>
	</bean>

	<bean id="sqlSessionFactory" class="org.mybatis.spring.SqlSessionFactoryBean">
		<property name="dataSource" ref="dataSource"></property>
		<!-- <property name="mapperLocations" value="classpath:com/airline/mapper/UserMapper.xml"></property> -->
	</bean>
	
	<!-- <tx:annoation-driven></tx:annoation-driven> -->

	<mybatis-spring:scan base-package="com.airline.mapper"/> 
	<!-- <context:component-scan base-package="com.airline.service"></context:component-scan> -->
</beans>
