<?xml version="1.0" encoding="UTF-8"?>
<beans xmlns="http://www.springframework.org/schema/beans"
	xmlns:xsi="http://www.w3.org/2001/XMLSchema-instance"
	xmlns:security="http://www.springframework.org/schema/security"
	xsi:schemaLocation="http://www.springframework.org/schema/security http://www.springframework.org/schema/security/spring-security.xsd
		http://www.springframework.org/schema/beans http://www.springframework.org/schema/beans/spring-beans.xsd">

	<bean id="customaccessDenied" class="com.airline.security.CustomAccessDeniedHandler" /> 
	<bean id="cusotmLoginSuccess" class="com.airline.security.CustomLoginSuccessHandler" >
	</bean>

	<bean id="bcryptPasswordEncoder" class="org.springframework.security.crypto.bcrypt.BCryptPasswordEncoder" />
	<bean id="customUserDetailService" class="com.airline.security.CustomUserDetailService"></bean>
	
	<bean id="csrfTokenRepository" class="org.springframework.security.web.csrf.HttpSessionCsrfTokenRepository"></bean>

	<!-- <security:http auto-config="true" use-expressions="true"> -->
	<security:http>
		<!-- <security:intercept-url pattern="/*" access="isAnonymous()" /> -->
		<security:intercept-url pattern="/user" access="hasRole('ROLE_MEMBER')" />
		<security:intercept-url pattern="/admin" access="hasRole('ROLE_ADMIN')" />
		
		<security:csrf token-repository-ref="csrfTokenRepository" disabled="true" />
		<security:headers>
			<security:header name="X-CSRF-TOKEN" value="${_csrf.token}"/>
		</security:headers>
		
		<security:access-denied-handler ref="customaccessDenied"/>
		<security:form-login login-page="/login" authentication-success-handler-ref="cusotmLoginSuccess"/>
		<security:logout logout-url="/logout" invalidate-session="true" delete-cookies="remember-me,JSESSION_ID" logout-success-url="/"/>
		<security:remember-me data-source-ref="dataSource" token-validity-seconds="604800"/>
		
	</security:http>

	<security:authentication-manager>
		<security:authentication-provider user-service-ref="customUserDetailService">
		
		<security:password-encoder ref="bcryptPasswordEncoder" />
		</security:authentication-provider>
	</security:authentication-manager>


</beans>
